algorithm,seed,LND,avg_energy_per_round_J,energy_x_LND_J,E0_total_J,delivered_pkts,lost_pkts,generated_pkts
improved_leach,1,1035,0.03864734299516908,40.0,40.0,65255,145,65400
improved_leach,2,1043,0.038350910834132314,40.0,40.0,62069,153,62222
improved_leach,3,1028,0.038910505836575876,40.0,40.0,64197,133,64330
improved_leach,4,1044,0.038314176245210725,40.0,40.0,68911,165,69076
improved_leach,5,1035,0.03864734299516908,40.0,40.0,66137,192,66329
improved_leach,6,1029,0.038872691933916424,40.0,40.0,67630,158,67788
improved_leach,7,1028,0.038910505836575876,40.0,40.0,67079,206,67285
improved_leach,8,1032,0.03875968992248062,40.0,40.0,62825,130,62955
improved_leach,9,1032,0.03875968992248062,40.0,40.0,66198,172,66370
improved_leach,10,1029,0.038872691933916424,40.0,40.0,65453,152,65605
improved_leach,11,999,0.04004004004004004,40.0,40.0,61065,197,61262
improved_leach,12,1033,0.03872216844143272,40.0,40.0,66553,163,66716
improved_leach,13,1029,0.038872691933916424,40.0,40.0,66076,218,66294
improved_leach,14,1021,0.039177277179236046,40.0,40.0,62794,197,62991
improved_leach,15,1026,0.03898635477582846,40.0,40.0,65228,199,65427
improved_leach,16,1013,0.039486673247778874,40.0,40.0,63792,184,63976
improved_leach,17,1032,0.03875968992248062,40.0,40.0,63789,96,63885
improved_leach,18,1040,0.038461538461538464,40.0,40.0,62584,138,62722
improved_leach,19,1043,0.038350910834132314,40.0,40.0,63033,190,63223
improved_leach,20,1026,0.03898635477582846,40.0,40.0,65894,162,66056
nsga,1,1747,0.02289639381797367,40.0,40.0,82995,1433,84428
nsga,2,1656,0.024154589371980676,40.0,40.0,81776,1284,83060
nsga,3,1642,0.024360535931790498,40.0,40.0,82909,1301,84210
nsga,4,1679,0.023823704586063133,40.0,40.0,82729,1302,84031
nsga,5,1644,0.024330900243309004,40.0,40.0,82244,1164,83408
nsga,6,1682,0.023781212841854936,40.0,40.0,82327,1129,83456
nsga,7,1666,0.024009603841536616,40.0,40.0,82808,1318,84126
nsga,8,1613,0.024798512089274645,40.0,40.0,81637,1331,82968
nsga,9,1689,0.023682652457075192,40.0,40.0,82861,1258,84119
nsga,10,1685,0.02373887240356083,40.0,40.0,82829,1373,84202
nsga,11,1773,0.022560631697687534,40.0,40.0,80998,1407,82405
nsga,12,1732,0.023094688221709007,40.0,40.0,82980,1295,84275
nsga,13,1672,0.023923444976076555,40.0,40.0,82104,1346,83450
nsga,14,1707,0.023432923257176334,40.0,40.0,81302,1165,82467
nsga,15,1706,0.023446658851113716,40.0,40.0,82963,1285,84248
nsga,16,1612,0.02481389578163772,40.0,40.0,81262,1327,82589
nsga,17,1590,0.025157232704402517,40.0,40.0,81704,1303,83007
nsga,18,1666,0.024009603841536616,40.0,40.0,81238,1285,82523
nsga,19,1638,0.02442002442002442,40.0,40.0,81806,1195,83001
nsga,20,1658,0.024125452352231604,40.0,40.0,81823,1352,83175
omf,1,1672,0.023923444976076555,40.0,40.0,83456,1372,84828
omf,2,1660,0.024096385542168676,40.0,40.0,82889,1234,84123
omf,3,1646,0.024301336573511544,40.0,40.0,83549,1167,84716
omf,4,1706,0.023446658851113716,40.0,40.0,83306,1223,84529
omf,5,1664,0.02403846153846154,40.0,40.0,82647,1161,83808
omf,6,1780,0.02247191011235955,40.0,40.0,83158,1225,84383
omf,7,1625,0.024615384615384615,40.0,40.0,83198,1359,84557
omf,8,1700,0.023529411764705882,40.0,40.0,81791,1415,83206
omf,9,1689,0.023682652457075192,40.0,40.0,83281,1232,84513
omf,10,1698,0.023557126030624265,40.0,40.0,83524,1254,84778
omf,11,1719,0.02326934264107039,40.0,40.0,81388,1241,82629
omf,12,1705,0.02346041055718475,40.0,40.0,83589,1166,84755
omf,13,1676,0.02386634844868735,40.0,40.0,82815,1309,84124
omf,14,1686,0.02372479240806643,40.0,40.0,81723,1295,83018
omf,15,1688,0.023696682464454975,40.0,40.0,83077,1385,84462
omf,16,1618,0.024721878862793572,40.0,40.0,82034,1181,83215
omf,17,1610,0.024844720496894408,40.0,40.0,82567,1374,83941
omf,18,1670,0.023952095808383235,40.0,40.0,82008,1169,83177
omf,19,1616,0.024752475247524754,40.0,40.0,82521,1216,83737
omf,20,1640,0.024390243902439025,40.0,40.0,82479,1249,83728
pso,1,1711,0.023378141437755698,40.0,40.0,83383,1355,84738
pso,2,1634,0.02447980416156671,40.0,40.0,82522,1268,83790
pso,3,1633,0.02449479485609308,40.0,40.0,83373,1285,84658
pso,4,1666,0.024009603841536616,40.0,40.0,83407,1208,84615
pso,5,1649,0.02425712553062462,40.0,40.0,82572,1207,83779
pso,6,1664,0.02403846153846154,40.0,40.0,83046,1233,84279
pso,7,1547,0.025856496444731737,40.0,40.0,82780,1305,84085
pso,8,1562,0.02560819462227913,40.0,40.0,81767,1286,83053
pso,9,1625,0.024615384615384615,40.0,40.0,82948,1200,84148
pso,10,1672,0.023923444976076555,40.0,40.0,83222,1255,84477
pso,11,1580,0.02531645569620253,40.0,40.0,81125,1358,82483
pso,12,1686,0.02372479240806643,40.0,40.0,83178,1268,84446
pso,13,1670,0.023952095808383235,40.0,40.0,82653,1197,83850
pso,14,1592,0.02512562814070352,40.0,40.0,81951,1175,83126
pso,15,1650,0.024242424242424242,40.0,40.0,83182,1221,84403
pso,16,1579,0.0253324889170361,40.0,40.0,81656,1135,82791
pso,17,1602,0.024968789013732832,40.0,40.0,82321,1348,83669
pso,18,1619,0.02470660901791229,40.0,40.0,81854,1312,83166
pso,19,1611,0.024829298572315334,40.0,40.0,82569,1150,83719
pso,20,1687,0.023710729104919975,40.0,40.0,82167,1233,83400
